plate ,well,type,parent1,parent2,parent3,parent4,parent1_label,parent2_label,parent3_label,parent4_label
plate01,well01,coinfection,HK68,PAN99,,,HK68,PAN99,,
plate01,well02,coinfection,HK68,PAN99,,,HK68,PAN99,,
plate01,well03,coinfection,HK68,PAN99,,,HK68,PAN99,,
plate01,well04,coinfection,HK68,PAN99,,,HK68,PAN99,,
plate01,well05,coinfection,HK68,PAN99,,,HK68,PAN99,,
plate01,well06,coinfection,HK68,PAN99,,,HK68,PAN99,,
plate01,well07,coinfection,HK68,PAN99,,,HK68,PAN99,,
plate01,well08,coinfection,HK68,PAN99,,,HK68,PAN99,,
plate01,well09,coinfection,HK68,PAN99,,,HK68,PAN99,,
plate01,well10,coinfection,HK68,PAN99,,,HK68,PAN99,,
plate01,well11,coinfection,HK68,PAN99,,,HK68,PAN99,,
plate01,well12,coinfection,HK68,PAN99,,,HK68,PAN99,,
plate01,well13,coinfection,HK68,PAN99,,,HK68,PAN99,,
plate01,well14,coinfection,HK68,PAN99,,,HK68,PAN99,,
plate01,well15,coinfection,HK68,PAN99,,,HK68,PAN99,,
plate01,well16,coinfection,HK68,PAN99,,,HK68,PAN99,,
plate01,well17,coinfection,HK68,PAN99,,,HK68,PAN99,,
plate01,well18,coinfection,HK68,PAN99,,,HK68,PAN99,,
plate01,well19,coinfection,HK68,PAN99,,,HK68,PAN99,,
plate01,well20,coinfection,HK68,PAN99,,,HK68,PAN99,,
plate01,well21,coinfection,HK68,PAN99,,,HK68,PAN99,,
plate01,well22,coinfection,HK68,PAN99,,,HK68,PAN99,,
plate01,well23,coinfection,HK68,PAN99,,,HK68,PAN99,,
plate01,well24,coinfection,HK68,PAN99,,,HK68,PAN99,,
plate01,well25,coinfection,HK68,PAN99,,,HK68,PAN99,,
plate01,well26,coinfection,HK68,PAN99,,,HK68,PAN99,,
plate01,well27,coinfection,HK68,PAN99,,,HK68,PAN99,,
plate01,well28,coinfection,HK68,PAN99,,,HK68,PAN99,,
plate01,well29,coinfection,HK68,PAN99,,,HK68,PAN99,,
plate01,well30,coinfection,HK68,PAN99,,,HK68,PAN99,,
plate01,well31,coinfection,HK68,PAN99,,,HK68,PAN99,,
plate01,well32,coinfection,HK68,PAN99,,,HK68,PAN99,,
plate01,well33,coinfection,HK68,PAN99,,,HK68,PAN99,,
plate01,well34,coinfection,HK68,PAN99,,,HK68,PAN99,,
plate01,well35,coinfection,HK68,PAN99,,,HK68,PAN99,,
plate01,well36,coinfection,HK68,PAN99,,,HK68,PAN99,,
plate01,well37,coinfection,HK68,PAN99,,,HK68,PAN99,,
plate01,well38,coinfection,HK68,PAN99,,,HK68,PAN99,,
plate01,well39,coinfection,HK68,PAN99,,,HK68,PAN99,,
plate01,well40,coinfection,HK68,PAN99,,,HK68,PAN99,,
plate01,well41,coinfection,HK68,PAN99,,,HK68,PAN99,,
plate01,well42,coinfection,HK68,PAN99,,,HK68,PAN99,,
plate01,well43,coinfection,HK68,PAN99,,,HK68,PAN99,,
plate01,well44,coinfection,HK68,PAN99,,,HK68,PAN99,,
plate01,well45,coinfection,HK68,PAN99,,,HK68,PAN99,,
plate01,well46,coinfection,HK68,PAN99,,,HK68,PAN99,,
plate01,well47,coinfection,HK68,PAN99,,,HK68,PAN99,,
plate01,well48,coinfection,HK68,PAN99,,,HK68,PAN99,,
plate01,well49,coinfection,HK68,PAN99,,,HK68,PAN99,,
plate01,well50,coinfection,HK68,PAN99,,,HK68,PAN99,,
plate01,well51,coinfection,HK68,PAN99,,,HK68,PAN99,,
plate01,well52,coinfection,HK68,PAN99,,,HK68,PAN99,,
plate01,well53,coinfection,HK68,PAN99,,,HK68,PAN99,,
plate01,well54,coinfection,HK68,PAN99,,,HK68,PAN99,,
plate01,well55,coinfection,HK68,PAN99,,,HK68,PAN99,,
plate01,well56,coinfection,HK68,PAN99,,,HK68,PAN99,,
plate01,well57,coinfection,HK68,PAN99,,,HK68,PAN99,,
plate01,well58,coinfection,HK68,PAN99,,,HK68,PAN99,,
plate01,well59,coinfection,HK68,PAN99,,,HK68,PAN99,,
plate01,well60,coinfection,HK68,PAN99,,,HK68,PAN99,,
plate01,well61,coinfection,HK68,PAN99,,,HK68,PAN99,,
plate01,well62,coinfection,HK68,PAN99,,,HK68,PAN99,,
plate01,well63,coinfection,HK68,PAN99,,,HK68,PAN99,,
plate01,well64,coinfection,HK68,PAN99,,,HK68,PAN99,,
plate01,well65,coinfection,HK68,PAN99,,,HK68,PAN99,,
plate01,well66,coinfection,HK68,PAN99,,,HK68,PAN99,,
plate01,well67,coinfection,HK68,PAN99,,,HK68,PAN99,,
plate01,well68,coinfection,HK68,PAN99,,,HK68,PAN99,,
plate01,well69,coinfection,HK68,PAN99,,,HK68,PAN99,,
plate01,well70,coinfection,HK68,PAN99,,,HK68,PAN99,,
plate01,well71,coinfection,HK68,PAN99,,,HK68,PAN99,,
plate01,well72,coinfection,HK68,PAN99,,,HK68,PAN99,,
plate01,well73,coinfection,HK68,PAN99,,,HK68,PAN99,,
plate01,well74,coinfection,HK68,PAN99,,,HK68,PAN99,,
plate01,well75,coinfection,HK68,PAN99,,,HK68,PAN99,,
plate01,well76,coinfection,HK68,PAN99,,,HK68,PAN99,,
plate01,well77,coinfection,HK68,PAN99,,,HK68,PAN99,,
plate01,well78,coinfection,HK68,PAN99,,,HK68,PAN99,,
plate01,well79,coinfection,HK68,PAN99,,,HK68,PAN99,,
plate01,well80,coinfection,HK68,PAN99,,,HK68,PAN99,,
plate01,well81,coinfection,HK68,PAN99,,,HK68,PAN99,,
plate01,well82,coinfection,HK68,PAN99,,,HK68,PAN99,,
plate01,well83,coinfection,HK68,PAN99,,,HK68,PAN99,,
plate01,well84,coinfection,HK68,PAN99,,,HK68,PAN99,,
plate01,well85,coinfection,HK68,PAN99,,,HK68,PAN99,,
plate01,well86,coinfection,HK68,PAN99,,,HK68,PAN99,,
plate01,well87,coinfection,HK68,PAN99,,,HK68,PAN99,,
plate01,well88,coinfection,HK68,PAN99,,,HK68,PAN99,,
plate01,well89,coinfection,HK68,PAN99,,,HK68,PAN99,,
plate01,well90,coinfection,HK68,PAN99,,,HK68,PAN99,,
plate01,well91,coinfection,HK68,PAN99,,,HK68,PAN99,,
plate01,well92,coinfection,HK68,PAN99,,,HK68,PAN99,,
plate01,well93,coinfection,HK68,PAN99,,,HK68,PAN99,,
plate01,well94,coinfection,HK68,PAN99,,,HK68,PAN99,,
plate01,well95,coinfection,HK68,PAN99,,,HK68,PAN99,,
plate01,well96,coinfection,HK68,PAN99,,,HK68,PAN99,,
plate02,well01,coinfection,CA09,PAN99,,,CA09,PAN99,,
plate02,well02,coinfection,CA09,PAN99,,,CA09,PAN99,,
plate02,well03,coinfection,CA09,PAN99,,,CA09,PAN99,,
plate02,well04,coinfection,CA09,PAN99,,,CA09,PAN99,,
plate02,well05,coinfection,CA09,PAN99,,,CA09,PAN99,,
plate02,well06,coinfection,CA09,PAN99,,,CA09,PAN99,,
plate02,well07,coinfection,CA09,PAN99,,,CA09,PAN99,,
plate02,well08,coinfection,CA09,PAN99,,,CA09,PAN99,,
plate02,well09,coinfection,CA09,PAN99,,,CA09,PAN99,,
plate02,well10,coinfection,CA09,PAN99,,,CA09,PAN99,,
plate02,well11,coinfection,CA09,PAN99,,,CA09,PAN99,,
plate02,well12,coinfection,CA09,PAN99,,,CA09,PAN99,,
plate02,well13,coinfection,CA09,PAN99,,,CA09,PAN99,,
plate02,well14,coinfection,CA09,PAN99,,,CA09,PAN99,,
plate02,well15,coinfection,CA09,PAN99,,,CA09,PAN99,,
plate02,well16,coinfection,CA09,PAN99,,,CA09,PAN99,,
plate02,well17,coinfection,CA09,PAN99,,,CA09,PAN99,,
plate02,well18,coinfection,CA09,PAN99,,,CA09,PAN99,,
plate02,well19,coinfection,CA09,PAN99,,,CA09,PAN99,,
plate02,well20,coinfection,CA09,PAN99,,,CA09,PAN99,,
plate02,well21,coinfection,CA09,PAN99,,,CA09,PAN99,,
plate02,well22,coinfection,CA09,PAN99,,,CA09,PAN99,,
plate02,well23,coinfection,CA09,PAN99,,,CA09,PAN99,,
plate02,well24,coinfection,CA09,PAN99,,,CA09,PAN99,,
plate02,well25,coinfection,CA09,PAN99,,,CA09,PAN99,,
plate02,well26,coinfection,CA09,PAN99,,,CA09,PAN99,,
plate02,well27,coinfection,CA09,PAN99,,,CA09,PAN99,,
plate02,well28,coinfection,CA09,PAN99,,,CA09,PAN99,,
plate02,well29,coinfection,CA09,PAN99,,,CA09,PAN99,,
plate02,well30,coinfection,CA09,PAN99,,,CA09,PAN99,,
plate02,well31,coinfection,CA09,PAN99,,,CA09,PAN99,,
plate02,well32,coinfection,CA09,PAN99,,,CA09,PAN99,,
plate02,well33,coinfection,CA09,PAN99,,,CA09,PAN99,,
plate02,well34,coinfection,CA09,PAN99,,,CA09,PAN99,,
plate02,well35,coinfection,CA09,PAN99,,,CA09,PAN99,,
plate02,well36,coinfection,CA09,PAN99,,,CA09,PAN99,,
plate02,well37,coinfection,CA09,PAN99,,,CA09,PAN99,,
plate02,well38,coinfection,CA09,PAN99,,,CA09,PAN99,,
plate02,well39,coinfection,CA09,PAN99,,,CA09,PAN99,,
plate02,well40,coinfection,CA09,PAN99,,,CA09,PAN99,,
plate02,well41,coinfection,CA09,PAN99,,,CA09,PAN99,,
plate02,well42,coinfection,CA09,PAN99,,,CA09,PAN99,,
plate02,well43,coinfection,CA09,PAN99,,,CA09,PAN99,,
plate02,well44,coinfection,CA09,PAN99,,,CA09,PAN99,,
plate02,well45,coinfection,CA09,PAN99,,,CA09,PAN99,,
plate02,well46,coinfection,CA09,PAN99,,,CA09,PAN99,,
plate02,well47,coinfection,CA09,PAN99,,,CA09,PAN99,,
plate02,well48,coinfection,CA09,PAN99,,,CA09,PAN99,,
plate02,well49,coinfection,CA09,PAN99,,,CA09,PAN99,,
plate02,well50,coinfection,CA09,PAN99,,,CA09,PAN99,,
plate02,well51,coinfection,CA09,PAN99,,,CA09,PAN99,,
plate02,well52,coinfection,CA09,PAN99,,,CA09,PAN99,,
plate02,well53,coinfection,CA09,PAN99,,,CA09,PAN99,,
plate02,well54,coinfection,CA09,PAN99,,,CA09,PAN99,,
plate02,well55,coinfection,CA09,PAN99,,,CA09,PAN99,,
plate02,well56,coinfection,CA09,PAN99,,,CA09,PAN99,,
plate02,well57,coinfection,CA09,PAN99,,,CA09,PAN99,,
plate02,well58,coinfection,CA09,PAN99,,,CA09,PAN99,,
plate02,well59,coinfection,CA09,PAN99,,,CA09,PAN99,,
plate02,well60,coinfection,CA09,PAN99,,,CA09,PAN99,,
plate02,well61,coinfection,CA09,PAN99,,,CA09,PAN99,,
plate02,well62,coinfection,CA09,PAN99,,,CA09,PAN99,,
plate02,well63,coinfection,CA09,PAN99,,,CA09,PAN99,,
plate02,well64,coinfection,CA09,PAN99,,,CA09,PAN99,,
plate02,well65,coinfection,CA09,PAN99,,,CA09,PAN99,,
plate02,well66,coinfection,CA09,PAN99,,,CA09,PAN99,,
plate02,well67,coinfection,CA09,PAN99,,,CA09,PAN99,,
plate02,well68,coinfection,CA09,PAN99,,,CA09,PAN99,,
plate02,well69,coinfection,CA09,PAN99,,,CA09,PAN99,,
plate02,well70,coinfection,CA09,PAN99,,,CA09,PAN99,,
plate02,well71,coinfection,CA09,PAN99,,,CA09,PAN99,,
plate02,well72,coinfection,CA09,PAN99,,,CA09,PAN99,,
plate02,well73,coinfection,CA09,PAN99,,,CA09,PAN99,,
plate02,well74,coinfection,CA09,PAN99,,,CA09,PAN99,,
plate02,well75,coinfection,CA09,PAN99,,,CA09,PAN99,,
plate02,well76,coinfection,CA09,PAN99,,,CA09,PAN99,,
plate02,well77,coinfection,CA09,PAN99,,,CA09,PAN99,,
plate02,well78,coinfection,CA09,PAN99,,,CA09,PAN99,,
plate02,well79,coinfection,CA09,PAN99,,,CA09,PAN99,,
plate02,well80,coinfection,CA09,PAN99,,,CA09,PAN99,,
plate02,well81,coinfection,CA09,PAN99,,,CA09,PAN99,,
plate02,well82,coinfection,CA09,PAN99,,,CA09,PAN99,,
plate02,well83,coinfection,CA09,PAN99,,,CA09,PAN99,,
plate02,well84,coinfection,CA09,PAN99,,,CA09,PAN99,,
plate02,well85,coinfection,CA09,PAN99,,,CA09,PAN99,,
plate02,well86,coinfection,CA09,PAN99,,,CA09,PAN99,,
plate02,well87,coinfection,CA09,PAN99,,,CA09,PAN99,,
plate02,well88,coinfection,CA09,PAN99,,,CA09,PAN99,,
plate02,well89,coinfection,CA09,PAN99,,,CA09,PAN99,,
plate02,well90,coinfection,CA09,PAN99,,,CA09,PAN99,,
plate02,well91,coinfection,CA09,PAN99,,,CA09,PAN99,,
plate02,well92,coinfection,CA09,PAN99,,,CA09,PAN99,,
plate02,well93,coinfection,CA09,PAN99,,,CA09,PAN99,,
plate02,well94,coinfection,CA09,PAN99,,,CA09,PAN99,,
plate02,well95,coinfection,CA09,PAN99,,,CA09,PAN99,,
plate02,well96,coinfection,CA09,PAN99,,,CA09,PAN99,,
plate03,well01,coinfection,PAN99,SI86,TX12,,PAN99,SI86,TX12,
plate03,well02,coinfection,PAN99,SI86,TX12,,PAN99,SI86,TX12,
plate03,well03,coinfection,PAN99,SI86,TX12,,PAN99,SI86,TX12,
plate03,well04,coinfection,PAN99,SI86,TX12,,PAN99,SI86,TX12,
plate03,well05,coinfection,PAN99,SI86,TX12,,PAN99,SI86,TX12,
plate03,well06,coinfection,PAN99,SI86,TX12,,PAN99,SI86,TX12,
plate03,well07,coinfection,PAN99,SI86,TX12,,PAN99,SI86,TX12,
plate03,well08,coinfection,PAN99,SI86,TX12,,PAN99,SI86,TX12,
plate03,well09,coinfection,PAN99,SI86,TX12,,PAN99,SI86,TX12,
plate03,well10,coinfection,PAN99,SI86,TX12,,PAN99,SI86,TX12,
plate03,well11,coinfection,PAN99,SI86,TX12,,PAN99,SI86,TX12,
plate03,well12,coinfection,PAN99,SI86,TX12,,PAN99,SI86,TX12,
plate03,well13,coinfection,PAN99,SI86,TX12,,PAN99,SI86,TX12,
plate03,well14,coinfection,PAN99,SI86,TX12,,PAN99,SI86,TX12,
plate03,well15,coinfection,PAN99,SI86,TX12,,PAN99,SI86,TX12,
plate03,well16,coinfection,PAN99,SI86,TX12,,PAN99,SI86,TX12,
plate03,well17,coinfection,PAN99,SI86,TX12,,PAN99,SI86,TX12,
plate03,well18,coinfection,PAN99,SI86,TX12,,PAN99,SI86,TX12,
plate03,well19,coinfection,PAN99,SI86,TX12,,PAN99,SI86,TX12,
plate03,well20,coinfection,PAN99,SI86,TX12,,PAN99,SI86,TX12,
plate03,well21,coinfection,PAN99,SI86,TX12,,PAN99,SI86,TX12,
plate03,well22,coinfection,PAN99,SI86,TX12,,PAN99,SI86,TX12,
plate03,well23,coinfection,PAN99,SI86,TX12,,PAN99,SI86,TX12,
plate03,well24,coinfection,PAN99,SI86,TX12,,PAN99,SI86,TX12,
plate03,well25,coinfection,PAN99,SI86,TX12,,PAN99,SI86,TX12,
plate03,well26,coinfection,PAN99,SI86,TX12,,PAN99,SI86,TX12,
plate03,well27,coinfection,PAN99,SI86,TX12,,PAN99,SI86,TX12,
plate03,well28,coinfection,PAN99,SI86,TX12,,PAN99,SI86,TX12,
plate03,well29,coinfection,PAN99,SI86,TX12,,PAN99,SI86,TX12,
plate03,well30,coinfection,PAN99,SI86,TX12,,PAN99,SI86,TX12,
plate03,well31,coinfection,PAN99,SI86,TX12,,PAN99,SI86,TX12,
plate03,well32,coinfection,PAN99,SI86,TX12,,PAN99,SI86,TX12,
plate03,well33,coinfection,PAN99,SI86,TX12,,PAN99,SI86,TX12,
plate03,well34,coinfection,PAN99,SI86,TX12,,PAN99,SI86,TX12,
plate03,well35,coinfection,PAN99,SI86,TX12,,PAN99,SI86,TX12,
plate03,well36,coinfection,PAN99,SI86,TX12,,PAN99,SI86,TX12,
plate03,well37,coinfection,PAN99,SI86,TX12,,PAN99,SI86,TX12,
plate03,well38,coinfection,PAN99,SI86,TX12,,PAN99,SI86,TX12,
plate03,well39,coinfection,PAN99,SI86,TX12,,PAN99,SI86,TX12,
plate03,well40,coinfection,PAN99,SI86,TX12,,PAN99,SI86,TX12,
plate03,well41,coinfection,PAN99,SI86,TX12,,PAN99,SI86,TX12,
plate03,well42,coinfection,PAN99,SI86,TX12,,PAN99,SI86,TX12,
plate03,well43,coinfection,PAN99,SI86,TX12,,PAN99,SI86,TX12,
plate03,well44,coinfection,PAN99,SI86,TX12,,PAN99,SI86,TX12,
plate03,well45,coinfection,PAN99,SI86,TX12,,PAN99,SI86,TX12,
plate03,well46,coinfection,PAN99,SI86,TX12,,PAN99,SI86,TX12,
plate03,well47,coinfection,PAN99,SI86,TX12,,PAN99,SI86,TX12,
plate03,well48,coinfection,PAN99,SI86,TX12,,PAN99,SI86,TX12,
plate03,well49,coinfection,PAN99,SI86,TX12,,PAN99,SI86,TX12,
plate03,well50,coinfection,PAN99,SI86,TX12,,PAN99,SI86,TX12,
plate03,well51,coinfection,PAN99,SI86,TX12,,PAN99,SI86,TX12,
plate03,well52,coinfection,PAN99,SI86,TX12,,PAN99,SI86,TX12,
plate03,well53,coinfection,PAN99,SI86,TX12,,PAN99,SI86,TX12,
plate03,well54,coinfection,PAN99,SI86,TX12,,PAN99,SI86,TX12,
plate03,well55,coinfection,PAN99,SI86,TX12,,PAN99,SI86,TX12,
plate03,well56,coinfection,PAN99,SI86,TX12,,PAN99,SI86,TX12,
plate03,well57,coinfection,PAN99,SI86,TX12,,PAN99,SI86,TX12,
plate03,well58,coinfection,PAN99,SI86,TX12,,PAN99,SI86,TX12,
plate03,well59,coinfection,PAN99,SI86,TX12,,PAN99,SI86,TX12,
plate03,well60,coinfection,PAN99,SI86,TX12,,PAN99,SI86,TX12,
plate03,well61,coinfection,PAN99,SI86,TX12,,PAN99,SI86,TX12,
plate03,well62,coinfection,PAN99,SI86,TX12,,PAN99,SI86,TX12,
plate03,well63,coinfection,PAN99,SI86,TX12,,PAN99,SI86,TX12,
plate03,well64,coinfection,PAN99,SI86,TX12,,PAN99,SI86,TX12,
plate03,well65,coinfection,PAN99,SI86,TX12,,PAN99,SI86,TX12,
plate03,well66,coinfection,PAN99,SI86,TX12,,PAN99,SI86,TX12,
plate03,well67,coinfection,PAN99,SI86,TX12,,PAN99,SI86,TX12,
plate03,well68,coinfection,PAN99,SI86,TX12,,PAN99,SI86,TX12,
plate03,well69,coinfection,PAN99,SI86,TX12,,PAN99,SI86,TX12,
plate03,well70,coinfection,PAN99,SI86,TX12,,PAN99,SI86,TX12,
plate03,well71,coinfection,PAN99,SI86,TX12,,PAN99,SI86,TX12,
plate03,well72,coinfection,PAN99,SI86,TX12,,PAN99,SI86,TX12,
plate03,well73,coinfection,PAN99,SI86,TX12,,PAN99,SI86,TX12,
plate03,well74,coinfection,PAN99,SI86,TX12,,PAN99,SI86,TX12,
plate03,well75,coinfection,PAN99,SI86,TX12,,PAN99,SI86,TX12,
plate03,well76,coinfection,PAN99,SI86,TX12,,PAN99,SI86,TX12,
plate03,well77,coinfection,PAN99,SI86,TX12,,PAN99,SI86,TX12,
plate03,well78,coinfection,PAN99,SI86,TX12,,PAN99,SI86,TX12,
plate03,well79,coinfection,PAN99,SI86,TX12,,PAN99,SI86,TX12,
plate03,well80,coinfection,PAN99,SI86,TX12,,PAN99,SI86,TX12,
plate03,well81,coinfection,PAN99,SI86,TX12,,PAN99,SI86,TX12,
plate03,well82,coinfection,PAN99,SI86,TX12,,PAN99,SI86,TX12,
plate03,well83,coinfection,PAN99,SI86,TX12,,PAN99,SI86,TX12,
plate03,well84,coinfection,PAN99,SI86,TX12,,PAN99,SI86,TX12,
plate03,well85,coinfection,PAN99,SI86,TX12,,PAN99,SI86,TX12,
plate03,well86,coinfection,PAN99,SI86,TX12,,PAN99,SI86,TX12,
plate03,well87,coinfection,PAN99,SI86,TX12,,PAN99,SI86,TX12,
plate03,well88,coinfection,PAN99,SI86,TX12,,PAN99,SI86,TX12,
plate03,well89,coinfection,PAN99,SI86,TX12,,PAN99,SI86,TX12,
plate03,well90,coinfection,PAN99,SI86,TX12,,PAN99,SI86,TX12,
plate03,well91,coinfection,PAN99,SI86,TX12,,PAN99,SI86,TX12,
plate03,well92,coinfection,PAN99,SI86,TX12,,PAN99,SI86,TX12,
plate03,well93,coinfection,PAN99,SI86,TX12,,PAN99,SI86,TX12,
plate03,well94,coinfection,PAN99,SI86,TX12,,PAN99,SI86,TX12,
plate03,well95,coinfection,PAN99,SI86,TX12,,PAN99,SI86,TX12,
plate03,well96,coinfection,PAN99,SI86,TX12,,PAN99,SI86,TX12,
plate04,well01,coinfection,CH83PR8,SI86,TX12,CA09,CH83PR8,SI86,TX12,CA09
plate04,well02,coinfection,CH83PR8,SI86,TX12,CA09,CH83PR8,SI86,TX12,CA09
plate04,well03,coinfection,CH83PR8,SI86,TX12,CA09,CH83PR8,SI86,TX12,CA09
plate04,well04,coinfection,CH83PR8,SI86,TX12,CA09,CH83PR8,SI86,TX12,CA09
plate04,well05,coinfection,CH83PR8,SI86,TX12,CA09,CH83PR8,SI86,TX12,CA09
plate04,well06,coinfection,CH83PR8,SI86,TX12,CA09,CH83PR8,SI86,TX12,CA09
plate04,well07,coinfection,CH83PR8,SI86,TX12,CA09,CH83PR8,SI86,TX12,CA09
plate04,well08,coinfection,CH83PR8,SI86,TX12,CA09,CH83PR8,SI86,TX12,CA09
plate04,well09,coinfection,CH83PR8,SI86,TX12,CA09,CH83PR8,SI86,TX12,CA09
plate04,well10,coinfection,CH83PR8,SI86,TX12,CA09,CH83PR8,SI86,TX12,CA09
plate04,well11,coinfection,CH83PR8,SI86,TX12,CA09,CH83PR8,SI86,TX12,CA09
plate04,well12,coinfection,CH83PR8,SI86,TX12,CA09,CH83PR8,SI86,TX12,CA09
plate04,well13,coinfection,CH83PR8,SI86,TX12,CA09,CH83PR8,SI86,TX12,CA09
plate04,well14,coinfection,CH83PR8,SI86,TX12,CA09,CH83PR8,SI86,TX12,CA09
plate04,well15,coinfection,CH83PR8,SI86,TX12,CA09,CH83PR8,SI86,TX12,CA09
plate04,well16,coinfection,CH83PR8,SI86,TX12,CA09,CH83PR8,SI86,TX12,CA09
plate04,well17,coinfection,CH83PR8,SI86,TX12,CA09,CH83PR8,SI86,TX12,CA09
plate04,well18,coinfection,CH83PR8,SI86,TX12,CA09,CH83PR8,SI86,TX12,CA09
plate04,well19,coinfection,CH83PR8,SI86,TX12,CA09,CH83PR8,SI86,TX12,CA09
plate04,well20,coinfection,CH83PR8,SI86,TX12,CA09,CH83PR8,SI86,TX12,CA09
plate04,well21,coinfection,CH83PR8,SI86,TX12,CA09,CH83PR8,SI86,TX12,CA09
plate04,well22,coinfection,CH83PR8,SI86,TX12,CA09,CH83PR8,SI86,TX12,CA09
plate04,well23,coinfection,CH83PR8,SI86,TX12,CA09,CH83PR8,SI86,TX12,CA09
plate04,well24,coinfection,CH83PR8,SI86,TX12,CA09,CH83PR8,SI86,TX12,CA09
plate04,well25,coinfection,CH83PR8,SI86,TX12,CA09,CH83PR8,SI86,TX12,CA09
plate04,well26,coinfection,CH83PR8,SI86,TX12,CA09,CH83PR8,SI86,TX12,CA09
plate04,well27,coinfection,CH83PR8,SI86,TX12,CA09,CH83PR8,SI86,TX12,CA09
plate04,well28,coinfection,CH83PR8,SI86,TX12,CA09,CH83PR8,SI86,TX12,CA09
plate04,well29,coinfection,CH83PR8,SI86,TX12,CA09,CH83PR8,SI86,TX12,CA09
plate04,well30,coinfection,CH83PR8,SI86,TX12,CA09,CH83PR8,SI86,TX12,CA09
plate04,well31,coinfection,CH83PR8,SI86,TX12,CA09,CH83PR8,SI86,TX12,CA09
plate04,well32,coinfection,CH83PR8,SI86,TX12,CA09,CH83PR8,SI86,TX12,CA09
plate04,well33,coinfection,CH83PR8,SI86,TX12,CA09,CH83PR8,SI86,TX12,CA09
plate04,well34,coinfection,CH83PR8,SI86,TX12,CA09,CH83PR8,SI86,TX12,CA09
plate04,well35,coinfection,CH83PR8,SI86,TX12,CA09,CH83PR8,SI86,TX12,CA09
plate04,well36,coinfection,CH83PR8,SI86,TX12,CA09,CH83PR8,SI86,TX12,CA09
plate04,well37,coinfection,CH83PR8,SI86,TX12,CA09,CH83PR8,SI86,TX12,CA09
plate04,well38,coinfection,CH83PR8,SI86,TX12,CA09,CH83PR8,SI86,TX12,CA09
plate04,well39,coinfection,CH83PR8,SI86,TX12,CA09,CH83PR8,SI86,TX12,CA09
plate04,well40,coinfection,CH83PR8,SI86,TX12,CA09,CH83PR8,SI86,TX12,CA09
plate04,well41,coinfection,CH83PR8,SI86,TX12,CA09,CH83PR8,SI86,TX12,CA09
plate04,well42,coinfection,CH83PR8,SI86,TX12,CA09,CH83PR8,SI86,TX12,CA09
plate04,well43,coinfection,CH83PR8,SI86,TX12,CA09,CH83PR8,SI86,TX12,CA09
plate04,well44,coinfection,CH83PR8,SI86,TX12,CA09,CH83PR8,SI86,TX12,CA09
plate04,well45,coinfection,CH83PR8,SI86,TX12,CA09,CH83PR8,SI86,TX12,CA09
plate04,well46,coinfection,CH83PR8,SI86,TX12,CA09,CH83PR8,SI86,TX12,CA09
plate04,well47,coinfection,CH83PR8,SI86,TX12,CA09,CH83PR8,SI86,TX12,CA09
plate04,well48,coinfection,CH83PR8,SI86,TX12,CA09,CH83PR8,SI86,TX12,CA09
plate04,well49,coinfection,CH83PR8,SI86,TX12,CA09,CH83PR8,SI86,TX12,CA09
plate04,well50,coinfection,CH83PR8,SI86,TX12,CA09,CH83PR8,SI86,TX12,CA09
plate04,well51,coinfection,CH83PR8,SI86,TX12,CA09,CH83PR8,SI86,TX12,CA09
plate04,well52,coinfection,CH83PR8,SI86,TX12,CA09,CH83PR8,SI86,TX12,CA09
plate04,well53,coinfection,CH83PR8,SI86,TX12,CA09,CH83PR8,SI86,TX12,CA09
plate04,well54,coinfection,CH83PR8,SI86,TX12,CA09,CH83PR8,SI86,TX12,CA09
plate04,well55,coinfection,CH83PR8,SI86,TX12,CA09,CH83PR8,SI86,TX12,CA09
plate04,well56,coinfection,CH83PR8,SI86,TX12,CA09,CH83PR8,SI86,TX12,CA09
plate04,well57,coinfection,CH83PR8,SI86,TX12,CA09,CH83PR8,SI86,TX12,CA09
plate04,well58,coinfection,CH83PR8,SI86,TX12,CA09,CH83PR8,SI86,TX12,CA09
plate04,well59,coinfection,CH83PR8,SI86,TX12,CA09,CH83PR8,SI86,TX12,CA09
plate04,well60,coinfection,CH83PR8,SI86,TX12,CA09,CH83PR8,SI86,TX12,CA09
plate04,well61,coinfection,CH83PR8,SI86,TX12,CA09,CH83PR8,SI86,TX12,CA09
plate04,well62,coinfection,CH83PR8,SI86,TX12,CA09,CH83PR8,SI86,TX12,CA09
plate04,well63,coinfection,CH83PR8,SI86,TX12,CA09,CH83PR8,SI86,TX12,CA09
plate04,well64,coinfection,CH83PR8,SI86,TX12,CA09,CH83PR8,SI86,TX12,CA09
plate04,well65,coinfection,CH83PR8,SI86,TX12,CA09,CH83PR8,SI86,TX12,CA09
plate04,well66,coinfection,CH83PR8,SI86,TX12,CA09,CH83PR8,SI86,TX12,CA09
plate04,well67,coinfection,CH83PR8,SI86,TX12,CA09,CH83PR8,SI86,TX12,CA09
plate04,well68,coinfection,CH83PR8,SI86,TX12,CA09,CH83PR8,SI86,TX12,CA09
plate04,well69,coinfection,CH83PR8,SI86,TX12,CA09,CH83PR8,SI86,TX12,CA09
plate04,well70,coinfection,CH83PR8,SI86,TX12,CA09,CH83PR8,SI86,TX12,CA09
plate04,well71,coinfection,CH83PR8,SI86,TX12,CA09,CH83PR8,SI86,TX12,CA09
plate04,well72,coinfection,CH83PR8,SI86,TX12,CA09,CH83PR8,SI86,TX12,CA09
plate04,well73,coinfection,CH83PR8,SI86,TX12,CA09,CH83PR8,SI86,TX12,CA09
plate04,well74,coinfection,CH83PR8,SI86,TX12,CA09,CH83PR8,SI86,TX12,CA09
plate04,well75,coinfection,CH83PR8,SI86,TX12,CA09,CH83PR8,SI86,TX12,CA09
plate04,well76,coinfection,CH83PR8,SI86,TX12,CA09,CH83PR8,SI86,TX12,CA09
plate04,well77,coinfection,CH83PR8,SI86,TX12,CA09,CH83PR8,SI86,TX12,CA09
plate04,well78,coinfection,CH83PR8,SI86,TX12,CA09,CH83PR8,SI86,TX12,CA09
plate04,well79,coinfection,CH83PR8,SI86,TX12,CA09,CH83PR8,SI86,TX12,CA09
plate04,well80,coinfection,CH83PR8,SI86,TX12,CA09,CH83PR8,SI86,TX12,CA09
plate04,well81,coinfection,CH83PR8,SI86,TX12,CA09,CH83PR8,SI86,TX12,CA09
plate04,well82,coinfection,CH83PR8,SI86,TX12,CA09,CH83PR8,SI86,TX12,CA09
plate04,well83,coinfection,CH83PR8,SI86,TX12,CA09,CH83PR8,SI86,TX12,CA09
plate04,well84,coinfection,CH83PR8,SI86,TX12,CA09,CH83PR8,SI86,TX12,CA09
plate04,well85,coinfection,CH83PR8,SI86,TX12,CA09,CH83PR8,SI86,TX12,CA09
plate04,well86,coinfection,CH83PR8,SI86,TX12,CA09,CH83PR8,SI86,TX12,CA09
plate04,well87,coinfection,CH83PR8,SI86,TX12,CA09,CH83PR8,SI86,TX12,CA09
plate04,well88,coinfection,CH83PR8,SI86,TX12,CA09,CH83PR8,SI86,TX12,CA09
plate04,well89,coinfection,CH83PR8,SI86,TX12,CA09,CH83PR8,SI86,TX12,CA09
plate04,well90,coinfection,CH83PR8,SI86,TX12,CA09,CH83PR8,SI86,TX12,CA09
plate04,well91,coinfection,CH83PR8,SI86,TX12,CA09,CH83PR8,SI86,TX12,CA09
plate04,well92,coinfection,CH83PR8,SI86,TX12,CA09,CH83PR8,SI86,TX12,CA09
plate04,well93,coinfection,CH83PR8,SI86,TX12,CA09,CH83PR8,SI86,TX12,CA09
plate04,well94,coinfection,CH83PR8,SI86,TX12,CA09,CH83PR8,SI86,TX12,CA09
plate04,well95,coinfection,CH83PR8,SI86,TX12,CA09,CH83PR8,SI86,TX12,CA09
plate04,well96,coinfection,CH83PR8,SI86,TX12,CA09,CH83PR8,SI86,TX12,CA09
